[
  {
    "id": "3da77698-58db-4d23-8154-78062202178c",
    "data": [
      {
        "text": "electrical",
        "meta": "@sys.unit-information",
        "alias": "Computer",
        "userDefined": true
      }
    ],
    "isTemplate": false,
    "count": 0,
    "lang": "en",
    "updated": 0
  },
  {
    "id": "f44afa15-5bc4-4cd8-9c35-a7a6533480dd",
    "data": [
      {
        "text": "Computer Book",
        "meta": "@sys.unit-information",
        "alias": "Computer",
        "userDefined": true
      }
    ],
    "isTemplate": false,
    "count": 0,
    "lang": "en",
    "updated": 0
  },
  {
    "id": "d3edbbeb-14ef-4f1f-acb7-ee5a1b772af5",
    "data": [
      {
        "text": "I am looking a ",
        "userDefined": false
      },
      {
        "text": "computer book",
        "meta": "@sys.unit-information",
        "alias": "Computer",
        "userDefined": true
      }
    ],
    "isTemplate": false,
    "count": 0,
    "lang": "en",
    "updated": 0
  },
  {
    "id": "93f7acaf-2b24-4be5-a632-c1f63e7184c6",
    "data": [
      {
        "text": "I need a ",
        "userDefined": false
      },
      {
        "text": "computer book",
        "meta": "@sys.unit-information",
        "alias": "Computer",
        "userDefined": true
      }
    ],
    "isTemplate": false,
    "count": 0,
    "lang": "en",
    "updated": 0
  }
]