[
  {
    "id": "ae80c792-e3b9-4b36-be68-8074a459b57b",
    "data": [
      {
        "text": "math",
        "meta": "@sys.unit-information",
        "alias": "Mathematics",
        "userDefined": true
      }
    ],
    "isTemplate": false,
    "count": 1,
    "lang": "en",
    "updated": 0
  },
  {
    "id": "5cf6c57d-bf0c-4e3d-9bef-a50ad2d18580",
    "data": [
      {
        "text": "I need a ",
        "userDefined": false
      },
      {
        "text": "mathematics",
        "meta": "@sys.unit-information",
        "alias": "Mathematics",
        "userDefined": true
      },
      {
        "text": " book",
        "userDefined": false
      }
    ],
    "isTemplate": false,
    "count": 0,
    "lang": "en",
    "updated": 0
  }
]