[
  {
    "id": "d8e871ec-16e7-4de4-a4c8-151167cf9976",
    "data": [
      {
        "text": "tertiary",
        "meta": "@sys.unit-information",
        "alias": "unit-information",
        "userDefined": true
      }
    ],
    "isTemplate": false,
    "count": 1,
    "lang": "en",
    "updated": 0
  },
  {
    "id": "9eed4aaf-11fd-4a08-b964-87fc47e422ba",
    "data": [
      {
        "text": "university",
        "meta": "@sys.unit-information",
        "alias": "unit-information",
        "userDefined": true
      }
    ],
    "isTemplate": false,
    "count": 0,
    "lang": "en",
    "updated": 0
  },
  {
    "id": "4bc67c86-76ea-4e86-ae9c-e943222b4cef",
    "data": [
      {
        "text": "Tertiary level",
        "meta": "@sys.unit-information",
        "alias": "tertiary",
        "userDefined": true
      }
    ],
    "isTemplate": false,
    "count": 1,
    "lang": "en",
    "updated": 0
  }
]